Key,Spacer
1,GCACCGTACCTCGCAGCACCGCCCGCGCCGTT
2,AGTCAGGCTCGTTGCCCTCCGGGATAACTGCT
3,TCGGGCGCTACGGCATCCCCCCAGACCGCGTA
4,CGACAGACGAGGAAGACGACGAGGTGCTGCAC
5,TCCAATTAATTGTGGCCGTAGCTCGCGCGCCC
6,AAACGCCACGGCATTAAGCCGAACCCGCTCTAT
7,CACTCCTCATATTCCGACTCAGGCCAGCCGAG
8,GCCAGCGCGTCGCGCTCGCCCTCGACTTTCGC
9,GCCCGCAGGCACCGAGCCAGCTAAAGGCTGAA
10,ACCCGACCCCCACCAGCGGAATACCTGCTGAC
11,GCAGGGCGGTGTGCGTTTATGACGACGGGCGC
12,CGACACCGGGCGCACTGACGTGCCGGGTATCG
13,CAGCACCGCCAGCAGTGGGCAAAAAATCGCATC
14,ATGTCCGCGGTCGCTCGCGCCTTCAACTTCAA
15,TATCTTCACTCGATGCAGATCGGGGAGCAATT
16,AAACGGCAGAACCGCCACATAGAAACGGCAGA
17,TGTCGCTGTTACAGCGCCGGATATGACGGCAT
18,CCGGCGGCCAGCTCTGGGCGATTGCCGTTCCC
19,TCTGTGGATAACTTTTCATCCGGTAACGCAGT
20,CATTCTCTTCAGCCAGATGCAGGCCATAGGCA
21,CGGCTGACGGCGTTAAGCGCCCGCCACAACGC
22,TACCTCACTGGCGCGCCGCTAACTCTAAAGAT
23,TCCGGCGGCGTCTACTATCTGAACTGGGGTGA
24,TCGCCGCTGCGAGATTAATGAACTAATGGACG
25,TGACTCTGGCTATAGCTGGGAATCGCAGACAC
26,AGCAATCAAGGCTTACAGCGAACTGCAACAGG
27,TCAACGCCACTTTTGAGCGTTATTCCGTGCCA
28,ATGAAAGATATAGCGATTAGAACGGTGCTTGA
29,CAAATGTCATGTTGACTGTATTGTCATCAGAT
30,ACACATCCTAAATCGACACATAAAATGATAAT
31,AGCTCGCTCGCTCTGACGAGTGGCGGTGGGCA
32,GCAGGGAACACCGCGGCGGCATCCGTCACGCC
33,GATATCCGCAATCGCCTGGTCAATCTCGTATT
34,GCACACCGCGACACACAGACGCCAGGCAATAC
35,TTTCGGCAATCCGCAAGCCGCGCGACGAAGTAA
36,TCATAACGCTTTACAATGAGGCCAAGCATCGG
37,CACACGCCGCGTTTAATATCGTCAATGTCCTGT
38,AACCGCTTCAAAAATCATGCTGACGACGCTTA
39,ATGGCGCTGGATGGCCTGAAGGACGATGATTT
40,CTCAGCAGTACTGGCGCAGCACTGGCCGCACG
41,ATAGATTCCTCTGCGGCGCGACAGGCTGTTAG
42,TCTGGTGATATGGCTCGCGCTTACTACTCACAT
43,TTTCCCGAACTCGCGAGTCGTGGGCACCAGAC
44,CCGCGGCGCGGGCGAGTCAGCGAGCGGCAAAC
45,ATGTAGGTAAAGCGCAAGTAATCAATGCTCGTG
46,TCACCGTCACCGGTCGTGCCGGGATACGTAAC
47,ACTCACCGCGTAGACCCCCGGCAGCAACTCAA
48,AGATATTCGCGCAGCTTGCGCACGTACTGAGG
49,TGGCGTTACAGTCAGGGGATCTACCGGCTTGA
50,AGTAAGAAGAAGCCCAAAGGAGTCCGCAAGGT
51,GTTGAACCGCACGTTTAATGCGTCAGTGAAAG
52,TGCTCTATCTCTGTTCGGACGAACCCGAAATAA
53,GCTCGTGCAAAATTTGCGGCACTAAATTTACC
54,TCGGACAATCAGGGGCGTCAGTGCGATCTGGA
55,GCTATGTCGACCCGCGCCTCTTCAATTCCGCC
56,AGCCGCAGGCGCCTGAAGCCGCCGCGGACGAA
57,AGAAAAACCCCTACGGCAGCCACGATAACAGC
58,CAGCTAACTGAGTCGTGCCGGGCGATATCGTT
59,AGCAGCAGGCAACCGCCGGTGCGCAGGCTGCC
60,TACAACCGCACATTCAGAGCCCAGACTACGCC
61,CCAGCCCGCCAGCAAAAGCATCGCCTGTTTTA
62,TTTGAGGGTGCCGGGGGCATTATTCACCCAGG
63,AACGTGTTCGTAGGAAAGAAGAAATGCCATTT
64,ACATGGAAGGCCCACAGTGAATTGCAGTGATT
65,TGTATGCAATTGAGCGATGCGATAAGGTTGCC
66,CTGTTCAGACACATCGCGCAGGGTCGCCCAAA
67,TCGCTGAGGCATCCGTTACATTCCTGAAGTAA
68,AGCATCCAGGCGATCACATAATCGGCTTTGAA
69,GGCGCAGGTGAAGGTGGACGTTCGCAAGCCAG
70,AACATGGAGTGGAAATGGGGCGATGTATGATC
71,AGGCTAACTTCAGATTTTCCTTCGTTGATGCTT
72,ATACGGCACCACGCAGTGCCGATGGGATTCTG
73,GTTATAAACAGCGCGGAAACGACGTAGTGATA
74,CTCCTGAACACGTTTATCGCGCAGATATTCGAC
75,GTCGACCGTGATTTCGCTGGTCCACCATCCGT
76,GGGAAGCCTTCGTTCAAGTCGCGGAAGTGGTA
77,TTCAGCTGGCAGTGAGGCGTTAATGGCTGTTC
78,TGGCCGCGCTGGAGGCTGCGCACCAAACGCCA
79,CTCGCGACCAAAAAATACACAGTTGTTAATTT
80,TGTTCGCTTTCAGCCTTATACACCCGCACCTGT
81,ACCACGACAGAAAACCCATCGGTGCATTCCTG
82,AGTGGCCGTGTCCGTCGTGCGGCCTCGGCCCC
83,TAAAACCCCACTCAACCACTACACCGGCGCTC
84,CAAACCAAAAGCCGCCGCCTACTACGTCTGGC
85,CCGACGTGGGCGGCGCACTGATTACAGACAGC
86,TCCCTGATTCATGGCAGGAGTAGCAGACAGAC
87,GGCGAGCGGGTGCGAAGCAG
88,TGCGCTAACAGAGCGTTGCCGCTGCCAGAGCA
89,GACGTCGATGGCGACCGCAACGGAGTACATCC
90,ACAACCACGACGCGCTACATGCTTTACGTAGG
91,TCAACCTCTGCTACGCGCGACTCAAGCTCCGC
92,TTCAGTGCGCTGGCCCATGCTGGAGTAATCTT
93,GCGGGCCTATTGATGATGACTGACGACTAAACT
94,GGTAGCGGTGATTTGGTTAGCCTCAACCTCTT
95,TCAGTACATTCGCGCGTGGCAACTGTTGCCAG
96,ACTTGCTGCGCTCTTCAGCTGTCTGGTCACGC
97,GTCAACACCGACCAGGCGACCGGCCTTTGAGC
98,CAAGACAGCAACCGAACGAAAATCCTGGTGAA
99,AGCTTAACGGCGTGCTGCCGGCGCCGGTGGGG
100,AGTAGCCAGGGTCATCGCCCGGTTTTGAGCCG
101,ATGCGCATAGCTGTACGCCAGCGACTTGATAT
102,GGCCGCGCTGAAAGTTGACAACGCATACCTCA
103,ATGCTGGACGTGGTGCTGCCGACGGCGGGAAT
104,AGGAGTGAGCACACATCATTACGACCGCTATA
105,TTGACGACCTCATCAACAGTAAAGCCCGCGCG
106,GCCTGGCGCCAGCGCAAAGCCGCTGTTAAACC
107,AAAAGGAATCGTGGAAGATATCCTGAGCCCCA
108,GGTGACGTTCCGGGCTTTCGGTGATCAGCCTA
109,GATGCGCTTGCTCAGGCCACCTTCATAGCCGC
110,AGCCGTAACCACCAGGGATAACGGACTTGGACT
111,TGGGTAATCAACCCGCGCGAAGACGACGCGAT
112,AAATAACGGCAGGGCAGCTGTTGGAGGCTGCT
113,GTTCGGCCGCCCGTCGGCCGGAAAATTACGCA
114,ATCATCGACGGCGAAGAGAAGGATGAATCTGG
115,AGTATTTGACGCGCTGGTCAAAATCCCGCTTT
116,GCGTGGCTCGGTGTGGATTTTTTGAACGAGCT
117,AGTGAATCGACAGCAGAACCCGTTCTTGCGTT
118,GATGAGTGATGCCGTCAATATTCAGTCGCAGC
119,AGTCCAGCGGCGAACCGTTCTACCGTCAACAC
120,GGCGTATCAAAACCAGGTGGCAGCGGCTTATAT
121,CATACCAGCGCATCAAGGCGGTCGGGTGATTT
122,ACCGATGCGCGGGATGCCTGCCATGCTTCCCA
123,TGATGCCACTAAATAAAATAAACCCCGCTCCG
124,ATTCCCCGTCGGCCAGCTGCTGTGGTGTTATT
125,CGCCACGCGCACAACGACAATTAGCGCCCCGGT
126,TGCGCGCTCTGGCCGGGAGATGTGGATATCGAA
127,GGTATATCGCCGCCCTGTTTGCGCTCTTCTTC
128,CCAACACCCGGACAAATCACGCGCAGCGCGTC
129,GCGCCGGACTCCACCGGACGCCGGGGCCAAAT
130,TGCAATCACGAGGCGCCAATTACTGCCTATTG
131,CACGGTCAATTCGCTGTGTGGCGGGTAGGGGT
132,ATCGGCTTGATAGCAATATTCACACCGCTCGG
133,ACCAGCGCTTGTCAAAAGCTTTGACCAGTGTG
134,ATGAGCGCACGCGAAGCCGCACTGCGTAACAGA
135,AGTGGGACCGCTACAAGTCTGGGAACGTCGAC
136,ACTCGTGGAGGCGGTTATGAATGGCTTTTTTG
137,GTGCGGCCGCATGAAAAAATCACAAAAAAAGG
138,GGCGAGCGCTGGCCGTCGCGCCCGTTCGTGTC
139,CTGCAGACGTTCGGCAAAGGGCGCAACGATCA
140,ATGCAGGTGATCGGCGAAGAGCCACGCCTGGCT
141,TCCGCCGAGATGGCGAAGCGCCGGTGCGTGGG
142,TGCAGCTGCGCGGCGCTGGGCGTCGGGTCCGT
143,AAACTTAAGAATCTCAAGTCAAAGGATAAACT
144,CCCGAAAATTGCCCAGACGGCCCACGATATCG
145,AGGCCGCAAGGGCATCTTTGCCAGTCGAGAAC
146,TTATCAGTTTGTTTCACGCCAGCAATGCGAGC
147,AGCACTTTGCGCCATTCAGCACCCGTATAGAA
148,TCGTCGCCGAGCGCCGCCATCGCCGCGGTTAA
149,TCTCAACATCGGTGCTTTCATCAATGTGCATG
150,GGCGCCGCCCGCCATTGGCTTGATAGCAATAT
151,CCACCGCCAGTGGGGAACTGCTGGCGACGTGG
152,TAACCGCGTCGGCGCAGTTACTGACGATCTGC
153,ACTACTGTTTATTGCAAAAGCCGCAATCGCAG
154,GCTTTAACGTCAGCAAACGCCGGCGTTTTCAC
155,ATTGCTCATGTGAGGTTCCGGTCTTCGGCTTC
156,GATCGGCTGGCAGTTTATCGCCTGGATGGTGC
157,TTAGTGGCACGCCGGAACAGTCCGGGCAGTGT
158,CCCAGCGGGTTACCGCTACCTGTGAAATTTTC
159,AGACCCGACACACGTTCGCATGCTGGGCGCTA
160,TCATCGCCCATTAACGCGTGCTGCCCCTGGCT
161,ACGCCAGCGGCGAAGAGAGCCATATTCATTTC
162,GCAGGAAAAAATCACAAAAAAAGGCCCGCGCA
163,ATGATGACGCCTGCGACGCGGGCAGCACACCA
164,ATTCCTCGTATTCCGTTTCCGGCCAGCCGAGG
165,TCTACCCCTCCTTGCCCGGCGGTGCGGCGAGC
166,ATTCGTGCAAACGGTTGTGGACGCCCTTTTTG
167,TGGTGCGCTGGCGCTCGCTGCGTCGTTAATCG
168,ATCAGCAGGACGCTGAGACGCCACAAGGAACT
169,CGCTCCCCACGGTCGAGCGAGTGGATATCCAC
170,AGTGATGATTACGTGCCGCCAGCTCGCGAACA
171,CTCCACCCGGCGGGAGAAATGACTGAAGTCTC
172,TGCCGAAGTTAATATGGTTTACGCGCAGATTG
173,GGCAGCAGCTGGCGGATTTTTTCGCGCTGGCG
174,GCCGCGGGCTCGACGACGCACGCGGGCAATTA
175,ATGATAAACGACTCCCCGCGAGCCACAGCATC
176,TGCCGTTACGATCAATGAAAACGGCCGCAGTA
177,TGATTTCCTGGGCGGGCGTCACACCTACAATC
178,ATAAGAAGCGTAAGAACAAGAGCGCCGGTGAT
179,GACTCCGGTGGCAAACAAGCGACCCGCTAAAT
180,TTGAGCGATCGACTATCAGCGCGCCGCAAAGA
181,AGACCCGCCAACCGCCGTGTTGAGCACAAAGC
182,AAGCTGTATGCCCTGCACGTAGCGCGCGTTTG
183,TAATACAGCAGCGATGGCGCATGAGAGCTGAA
184,AGCTCCACCACTTTTAACAGGACTGTAACAGG
185,TGGCTGCGTTACTGCTACGGCCACGACCTGAC
186,ACGCCAGGTGAGCGCGCGCTTGAGACCGTTTT
187,TCAAGCTCAGCAACGATTTCGTCATCCATGTC
188,AAACGTCACCCAAACGGACGGCAGCCTGTGAA
189,AGTGAAGAATGGCGCGCGCGCTATAGCCCTGAT
190,TCGCCGGGACTCAAAAACTCCGCGCGCTATTT
191,CGTTGGGGCCTGCGTGCTGGTGTACTGTTTAG
192,TTGACGCAGAAAAGCAGGGGGTGATTATCGAC
193,TCCGGCTCGTCTTTATATCGCGTCGTTATCTC
194,TACTCGCGGCCCGTTTGCCGCTGGAGCCCAAC
195,GAGAATATTACGGTCACGTATCGTATTAATAA
196,TATGAGCACGTTGGCGTTAAAGACGAAGTTGC
197,GAGATACCGCGCGCGCCAGCCAGGTTTTGTTGT
198,ACGGATACGACCTGCGCCAGCGCGGTCAATAT
199,CCCAATCCAATTAATCCAGCACCCTCCGCGA
200,GTCTTCAGTCGAGGCGCGCTCCCCTGTCTGCAT
201,TCACGAACTGGAATAAAATACCGCAGGAGGCA
202,TTCATCGTCGAGTATTTCGTGCGGCGGGTCGA
203,GGGAAGCACAGGCCGCTGAGCTGATGACATCA
204,GGGAAAATCACCCTCAATCTCGTCGCGACTGA
205,AGCGGGCGCACTCCACGTCGTCAGCAGTTCCC
206,TGCACCGCGCGCTGGCACGGCGGCGGGCAGCC
207,AGTAGCAGGCAGTGCAGGGCGGTTCCCATATC
208,ACACACCGTTGACCGGCATAACTGACCAGTCG
209,TGGAGGCGGCGGAGTAAGCTGAATGCCCTGTAC
210,AGATTGCACCAACTATCACGCCCACACAGTGG
211,AAAAGGTAATAATCTTGAGGTAAATAGATACT
212,GGTTCAGTATTACCTTAAAGGTAAACGTTGAG
213,ATCATCTCTACAGGATGAGAGTAAAGGATATGG
214,TTACAACGTGGCACAGCCAGAAAGAGCTGGAC
215,AATAAGCAACCACCGATGCCGCATTACAGATT
216,GGCTCGACCAGATTTGTCTGCGCGTTTACGGG
217,GGGGACACTTACGGGGTGACAAATGACAGCCA
218,CGAGAGCGCACCTGACGCGCTGGCGGTCTGAT
219,TTTTTCAGTTCCCGGAGCTGGCGAACCAATGG
220,GGCGAACGCGCGCACAGCCAGTGAACTTTATT
221,TTGTTGAAATTGACCACGACCGCGAGCGATAG
222,GGCTTGCGTGACAGCAGAGCACAGGCGTGTAA
223,ACTCAGAGCGCCGGAAGGATCAAACCCACCAA
224,TATCTGGAGCTCAGGGCGAAATATAATCGACT
225,ACCTTCACCACGATAAATTATACCCTGGGATT
226,TTACCAGGGTATCCGTGGGATGAACGACATTC
227,GCCACCATGAGCATGTCGATGAGGTTCCGGTT
228,TGTAAGGACGCCGGTCAGGGCATTTGAGGCAT
229,ATCGAGCAGATCCGCTCTATCGCAGAGCGTCA
230,TTCACCTCGTTGCGCAGCTGTGCGGCTTCCAG
231,CATGACTAACACCAACGAACTGATGGCAAAAC
232,TCAAACGTCTTCTTACCGGCGTGAATAGCGAG
233,ACCAGCGCAGAGAGATAGTCACGTACCGCACC
234,TGACTTTGAGCGTTGGTTCAGTCAGCGCCGGA
235,CAGGTCGTATCCGTGGTCGTGAACCGCCAAT
236,AAGCGGACCATGCCTGCGCGGTGGTCGTCCAC
237,GGGAAAATAATAAACATCCTTCTTAAACGTCC
238,CGCCAGGATTCAAACGTCGCACTGCCAAACCGA
239,AGAATCCATGCCAGTGCGCGCGCCGCAGGTGG
240,GGGGCGGTGCTGCTGTAAGAGCCGTGATAAAG
241,TTTTCGTACTGTACTACCCACTCCTTCACTGT
242,TGGTTATTTGACAGGCGCATGCATCGACCGTT
243,GCAGTCCCGGTGCTGCGTCGCGGTGGCCGTTT
244,AAAGAACGAACTCGATAACAGCCCAGCCAACA
245,GAGTGCGAAAATTGCGGAGCGACGGCAGAAAA
246,TTAATGTACTAGCCTGGAATTTTAATTTGTTG
247,GCTCCCGCAGCACAACCGGCGCGGGCGGTGCG
248,ATCACCGCTTTTGATTCTGATGGCGAAATTAAT
249,CTGAAAAATATATTCAGCAAACAGAGCTTGCT
250,ATCGCCATAAAGAGATCGTTCCAGCCGATTTT
251,TACGAAATGGCTCGGCGTTATACGCTGGGCAC
252,CACATTGATGCAGGAATAATCACGCATACGCA
253,CACTATTACCGCCGCTGCCGCCGCCGGTATTAC
254,TACCGCGCCGACGTGCTCGGGCAGATTAACGC
255,AAAGGTGGCTTCATCCTCGGAAACCTGAAACG
